Date Of Stop,Time Of Stop,Agency,SubAgency,Description,Location,Latitude,Longitude,Accident,Belts,Personal Injury,Property Damage,Fatal,Commercial License,HAZMAT,Commercial Vehicle,Alcohol,Work Zone,State,VehicleType,Year,Make,Model,Color,Violation Type,Charge,Article,Contributed To Accident,Race,Gender,Driver City,Driver State,DL State,Arrest Type,Geolocation
09/24/2013,17:11:00,MCP,"3rd district, Silver Spring",DRIVING VEHICLE ON HIGHWAY WITH SUSPENDED REGISTRATION,8804 FLOWER AVE,,,No,No,No,No,No,No,No,No,No,No,MD,02 - Automobile,2008,FORD,4S,BLACK,Citation,13-401(h),Transportation Article,No,BLACK,M,TAKOMA PARK,MD,MD,A - Marked Patrol,
08/29/2017,10:19:00,MCP,"2nd district, Bethesda",DRIVER FAILURE TO OBEY PROPERLY PLACED TRAFFIC CONTROL DEVICE INSTRUCTIONS,WISCONSIN AVE@ ELM ST,38.981725,-77.0927566666667,No,No,No,No,No,No,No,No,No,No,VA,02 - Automobile,2001,TOYOTA,COROLLA,GREEN,Citation,21-201(a1),Transportation Article,No,WHITE,F,FAIRFAX STATION,VA,VA,A - Marked Patrol,"(38.981725, -77.0927566666667)"
12/01/2014,12:52:00,MCP,"6th district, Gaithersburg / Montgomery Village",FAILURE STOP AND YIELD AT THRU HWY,CHRISTOPHER AVE/MONTGOMERY VILLAGE AVE,39.1628883333333,-77.2290883333333,No,No,No,Yes,No,No,No,No,No,No,MD,02 - Automobile,2001,HONDA,ACCORD,SILVER,Citation,21-403(b),Transportation Article,No,BLACK,F,UPPER MARLBORO,MD,MD,A - Marked Patrol,"(39.1628883333333, -77.2290883333333)"
08/29/2017,09:22:00,MCP,"3rd district, Silver Spring",FAILURE YIELD RIGHT OF WAY ON U TURN,CHERRY HILL RD./CALVERTON BLVD.,39.056975,-76.9546333333333,No,No,No,Yes,No,No,No,No,No,No,MD,02 - Automobile,1998,DODG,DAKOTA,WHITE,Citation,21-402(b),Transportation Article,No,BLACK,M,FORT WASHINGTON,MD,MD,A - Marked Patrol,"(39.056975, -76.9546333333333)"
08/28/2017,23:41:00,MCP,"6th district, Gaithersburg / Montgomery Village","FAILURE OF DR. TO MAKE LANE CHANGE TO AVAIL. LANE NOT IMMED. ADJ. TO STOPPED EMERG. VEH,",355 @ SOUTH WESTLAND DRIVE,,,No,No,No,No,No,No,No,No,No,No,MD,02 - Automobile,2015,MINI COOPER,2S,WHITE,Citation,21-405(e1),Transportation Article,No,WHITE,M,GAITHERSBURG,MD,MD,A - Marked Patrol,
08/27/2013,00:55:00,MCP,"2nd district, Bethesda","NEGLIGENT DRIVING VEHICLE IN CARELESS AND IMPRUDENT MANNER ENDANGERING PROPERTY, LIFE AND PERSON",CONNECTICUT/CHEVY CHASE LAKE,,,No,No,No,No,No,No,No,No,No,No,MD,02 - Automobile,2013,HYUNDAI,ELANTRA,GRAY,Citation,21-901.1(b),Transportation Article,No,WHITE,F,SILVER SPRING,MD,MD,A - Marked Patrol,
10/08/2013,13:23:00,MCP,"4th district, Wheaton",DRIVING VEHICLE ON HIGHWAY WITH SUSPENDED REGISTRATION,GEORGIA AVE / BEL PRE RD,39.0933833333333,-77.0795516666667,No,No,No,No,No,No,No,No,No,No,MD,02 - Automobile,1993,FORD,PICKUP,BLACK,Citation,13-401(h),Transportation Article,No,HISPANIC,M,BELTSVILLE,MD,MD,A - Marked Patrol,"(39.0933833333333, -77.0795516666667)"
04/24/2015,00:38:00,MCP,"1st district, Rockville",DRIVER FAIL TO STOP AT FLASHING RED TRAFFIC SIGNAL STOP LINE,EB MONTROSE PKWY/EAST JEFFERSON ST,,,No,No,No,No,No,No,No,No,No,No,VA,02 - Automobile,2003,DODGE,SPRINTER,WHITE,Citation,21-204(b),Transportation Article,No,HISPANIC,M,SILVER SPRING,MD,MD,A - Marked Patrol,
08/28/2017,23:41:00,MCP,"6th district, Gaithersburg / Montgomery Village",FAILURE OF INDIVIDUAL DRIVING ON HIGHWAY TO DISPLAY LICENSE TO UNIFORMED POLICE ON DEMAND,355 @ SOUTH WESTLAND DRIVE,,,No,No,No,No,No,No,No,No,No,No,MD,02 - Automobile,2015,MINI COOPER,2S,WHITE,Citation,16-112(c),Transportation Article,No,WHITE,M,GAITHERSBURG,MD,MD,A - Marked Patrol,
08/28/2017,23:41:00,MCP,"6th district, Gaithersburg / Montgomery Village",DRIVING VEHICLE ON HIGHWAY WITH AN EXPIRED LICENSE,355 @ SOUTH WESTLAND DRIVE,,,No,No,No,No,No,No,No,No,No,No,MD,02 - Automobile,2015,MINI COOPER,2S,WHITE,Citation,16-115(g),Transportation Article,No,WHITE,M,GAITHERSBURG,MD,MD,A - Marked Patrol,
02/14/2014,20:10:00,MCP,"1st district, Rockville",FAILURE TO DRIVE ON RIGHT HAND ROADWAY OF DIVIDED HWY,GATEWAY CENTER DR @ CLARKSBURG RD,39.2348434333333,-77.28153995,No,No,No,No,No,No,No,No,No,No,MD,02 - Automobile,2005,CADI,STS,BLACK,Citation,21-311(1),Transportation Article,No,WHITE,M,POINT OF ROCK,MD,WV,A - Marked Patrol,"(39.2348434333333, -77.28153995)"
03/19/2012,16:10:00,MCP,"2nd district, Bethesda",DRIVER USING HANDS TO USE HANDHELD TELEPHONE WHILEMOTOR VEHICLE IS IN MOTION,CLARENDON RD @ ELM ST. N/,38.9827307333333,-77.1007551666667,No,No,No,No,No,No,No,No,No,No,VA,02 - Automobile,1996,HONDA,CIVIC,SILVER,Citation,21-1124.2(d2),Transportation Article,No,HISPANIC,M,ARLINGTON,VA,VA,A - Marked Patrol,"(38.9827307333333, -77.1007551666667)"
06/09/2012,21:19:00,MCP,"3rd district, Silver Spring",OCCUPANT UNDER 16 NOT RESTRAINED BY SEATBELT,2068 HARLEQUIN TERRACE,39.06914295,-76.9696780666667,No,No,No,No,No,No,No,No,No,No,MD,02 - Automobile,2004,CHEVROLET,IMPALA,SILVER,Citation,22-412.3(b),Transportation Article,No,WHITE,F,SILVER SPRING,MD,MD,A - Marked Patrol,"(39.06914295, -76.9696780666667)"
12/20/2012,00:41:00,MCP,"2nd district, Bethesda",DRIVING WHILE IMPAIRED BY ALCOHOL,NORFOLK AVE /  ST ELMO AVE,38.9835782,-77.09310515,No,No,No,No,No,No,No,No,No,No,MD,02 - Automobile,2005,AUDI,4S,GRAY,Citation,21-902(b1),Transportation Article,No,WHITE,M,DERWOOD,MD,MD,A - Marked Patrol,"(38.9835782, -77.09310515)"
07/20/2012,23:12:00,MCP,"5th district, Germantown",FAILURE TO STOP AT STOP SIGN,WISTERIA DR @ WARING STATION RD,39.1618098166667,-77.25358095,No,No,No,No,No,No,No,No,No,No,MD,02 - Automobile,2002,TOYT,4S,RED,Citation,21-707(a),Transportation Article,No,ASIAN,F,GERMANTOWN,MD,MD,A - Marked Patrol,"(39.1618098166667, -77.25358095)"
09/11/2012,21:47:00,MCP,"4th district, Wheaton",PERSON DRIVING MOTOR VEHICLE ON HIGHWAY OR PUBLIC USE PROPERTY ON REVOKED LICENSE AND PRIVILEGE,TWIG RD AT GOOD HOPE RD,39.09619885,-76.98696215,No,Yes,No,No,No,No,No,No,No,No,MD,02 - Automobile,2009,DODGE,CHARGER,BLACK,Citation,16-303(d),Transportation Article,No,BLACK,M,SILVER SPRING,MD,MD,A - Marked Patrol,"(39.09619885, -76.98696215)"
07/23/2013,23:15:00,MCP,"4th district, Wheaton",FAILURE TO ATTACH VEHICLE REGISTRATION PLATES AT FRONT AND REAR,108 / OLD BALTIMORE RD,39.1516659166667,-77.0706278,No,No,No,No,No,No,No,No,No,No,MD,02 - Automobile,2000,SATURN,LS,SILVER,Citation,13-411(a),Transportation Article,No,BLACK,F,BELTSVILLE,MD,MD,A - Marked Patrol,"(39.1516659166667, -77.0706278)"
10/28/2013,17:41:00,MCP,"6th district, Gaithersburg / Montgomery Village",DRIVER FAILURE TO YIELD RIGHT OF WAY ENTERING HWY. FROM PRIVATE ROAD,EMORY GROVE RD @ MEADOW GREEN WAY,39.1299347666667,-77.1670501333333,No,No,No,No,No,No,No,No,No,No,MD,02 - Automobile,2003,HONDA,ACCORD,GOLD,Citation,21-404(b),Transportation Article,Yes,BLACK,M,GAITHERSBURG,MD,MD,A - Marked Patrol,"(39.1299347666667, -77.1670501333333)"
08/28/2017,23:41:00,MCP,"6th district, Gaithersburg / Montgomery Village",PERSON DRIVING MOTOR VEHICLE ON HIGHWAY OR PUBLIC USE PROPERTY ON SUSPENDED LICENSE AND PRIVILEGE,355 @ SOUTH WESTLAND DRIVE,,,No,No,No,No,No,No,No,No,No,No,MD,02 - Automobile,2015,MINI COOPER,2S,WHITE,Citation,16-303(c),Transportation Article,No,WHITE,M,GAITHERSBURG,MD,MD,A - Marked Patrol,
12/17/2015,13:15:00,MCP,"5th district, Germantown","FAILURE TO RETURN TO & REMAIN AT SCENE OF ACCIDENTINVOLVING ATTENDED DAMAGE,PROPERTY",19916 CRYSTAL ROCK DR,39.2227933333333,-77.25369,No,No,No,No,No,No,No,No,No,No,MD,02 - Automobile,2005,TOYOTA,CAMRY,BLACK,Citation,20-103(b),Transportation Article,No,BLACK,M,ROCKVILLE,MD,MD,A - Marked Patrol,"(39.2227933333333, -77.25369)"
08/28/2017,23:41:00,MCP,"6th district, Gaithersburg / Montgomery Village",PERSON DRIVING MOTOR VEHICLE ON HIGHWAY OR PUBLIC USE PROPERTY ON REVOKED LICENSE AND PRIVILEGE,355 @ SOUTH WESTLAND DRIVE,,,No,No,No,No,No,No,No,No,No,No,MD,02 - Automobile,2015,MINI COOPER,2S,WHITE,Citation,16-303(d),Transportation Article,No,WHITE,M,GAITHERSBURG,MD,MD,A - Marked Patrol,
05/12/2015,08:26:00,MCP,"1st district, Rockville",PERSON DRIVING MOTOR VEHICLE ON HIGHWAY OR PUBLIC USE PROPERTY ON REVOKED LICENSE AND PRIVILEGE,WOOTTON PKWY @ PRESERVE PKWY,39.067535,-77.14941,No,No,No,No,No,No,No,No,No,No,VA,28 - Other,2002,FORD,ECONOLINE,WHITE,Citation,16-303(d),Transportation Article,No,HISPANIC,M,ROCKVILLE,MD,MD,A - Marked Patrol,"(39.067535, -77.14941)"
08/28/2017,23:41:00,MCP,"6th district, Gaithersburg / Montgomery Village",DRIVING TO DRIVE MOTOR VEHICLE ON HIGHWAY WITHOUT REQUIRED LICENSE AND AUTHORIZATION,355 @ SOUTH WESTLAND DRIVE,,,No,No,No,No,No,No,No,No,No,No,MD,02 - Automobile,2015,MINI COOPER,2S,WHITE,Citation,16-101(a),Transportation Article,No,WHITE,M,GAITHERSBURG,MD,MD,A - Marked Patrol,
10/25/2015,11:17:00,MCP,"3rd district, Silver Spring",DRIVING VEHICLE ON HIGHWAY WITH AN EXPIRED LICENSE,RT. 29/ STEWART LN.,39.048205,-76.9847216666667,No,No,No,No,No,Yes,No,No,No,No,MD,02 - Automobile,1991,LEXUS,4S,BLACK,Citation,16-115(g),Transportation Article,No,BLACK,M,WASHINGTON,DC,DC,A - Marked Patrol,"(39.048205, -76.9847216666667)"
08/29/2017,01:56:00,MCP,"6th district, Gaithersburg / Montgomery Village",DRIVING  MOTOR VEHICLE ON HIGHWAY WITHOUT REQUIRED LICENSE AND AUTHORIZATION,KENTLANDS BLVD@GREAT SENECA HWY,39.1232416666667,-77.2329983333333,No,No,No,No,No,No,No,No,No,No,MD,05 - Light Duty Truck,2005,FORD,ESCAPE,RED,Citation,16-101(a),Transportation Article,No,HISPANIC,M,CLARKSBURG,MD,MD,A - Marked Patrol,"(39.1232416666667, -77.2329983333333)"
03/20/2013,08:53:00,MCP,"4th district, Wheaton",EXCEEDING MAXIMUM SPEED: 49 MPH IN A POSTED 40 MPH ZONE,29/LOCKWOOD,39.0306766666667,-77.005105,No,No,No,No,No,No,No,No,No,No,MD,02 - Automobile,2004,ACUR,4S,GOLD,Citation,21-801.1,Transportation Article,No,OTHER,M,TAKOMA PARK,MD,MD,Q - Marked Laser,"(39.0306766666667, -77.005105)"
01/12/2013,08:53:00,MCP,"2nd district, Bethesda",DRIVER WHEN TURNING LEFT FAIL TO YIELD RIGHT OF WAY TO VEHICLE APPROACHING FROM OPPOSITE DIRECTION,355 X SOUTH DR,38.9992781833333,-77.0970100666667,No,No,No,No,No,Yes,No,Yes,No,No,MD,10 - Transit Bus,2012,GILL,HY,BLUE,Citation,21-402(a),Transportation Article,No,BLACK,F,FORESTVILLE,MD,MD,A - Marked Patrol,"(38.9992781833333, -77.0970100666667)"
05/22/2013,14:04:00,MCP,"6th district, Gaithersburg / Montgomery Village",FAILURE TO ATTACH VEH. REG. PLATES AT FRONT AND REAR,12413 PUEBLO ROAD,,,No,No,No,No,No,No,No,No,No,No,MD,02 - Automobile,2005,CADI,ESCALADE,BLACK,Citation,13-411(a),Transportation Article,No,WHITE,M,GAITHERSBURG,MD,MD,A - Marked Patrol,
12/06/2012,12:34:00,MCP,Headquarters and Special Operations,PEDESTRIAN CROSSING ROADWAY BETWEEN ADJACENT INTERSECTIONS HAVING TRAFFIC CONTROL SIGNAL,FLOWER AVE @ PINEY BRANCH,38.9984182,-77.00384695,No,No,No,No,No,No,No,No,No,No,XX,29 - Unknown,,NONE,NONE,N/A,Citation,21-503(c),Transportation Article,No,HISPANIC,M,SILVER SPRING,MD,MD,O - Foot Patrol,"(38.9984182, -77.00384695)"
08/29/2017,01:56:00,MCP,"6th district, Gaithersburg / Montgomery Village",FAILURE OF LICENSEE TO NOTIFY ADMINISTRATION OF CHANGE OF ADDRESS WITHIN 30 DAYS,KENTLANDS BLVD@GREAT SENECA HWY,39.1232416666667,-77.2329983333333,No,No,No,No,No,No,No,No,No,No,MD,05 - Light Duty Truck,2005,FORD,ESCAPE,RED,Citation,16-116(a),Transportation Article,No,HISPANIC,M,CLARKSBURG,MD,MD,A - Marked Patrol,"(39.1232416666667, -77.2329983333333)"
08/28/2017,23:09:00,MCP,"2nd district, Bethesda",DRIVING VEHICLE ON HIGHWAY WITH AN EXPIRED LICENSE,7301 WAVERLY ST,38.9830316666667,-77.092455,No,No,No,No,No,No,No,No,No,No,MD,02 - Automobile,2008,HONDA,ACCORD,GRAY,Citation,16-115(g),Transportation Article,No,WHITE,F,SILVER SPRING,MD,MD,A - Marked Patrol,"(38.9830316666667, -77.092455)"
08/28/2017,23:09:00,MCP,"2nd district, Bethesda","DRIVING, ATTEMPTING TO DRIVE MOTOR VEHICLE ON HIGHWAY WITHOUT REQUIRED LICENSE AND AUTHORIZATION",7301 WAVERLY ST,38.9830316666667,-77.092455,No,No,No,No,No,No,No,No,No,No,MD,02 - Automobile,2008,HONDA,ACCORD,GRAY,Citation,16-101(a),Transportation Article,No,WHITE,F,SILVER SPRING,MD,MD,A - Marked Patrol,"(38.9830316666667, -77.092455)"
08/28/2017,23:01:00,MCP,"6th district, Gaithersburg / Montgomery Village",PASSENGER AGE 16 OR MORE IN OUTBOARD FRONT SEAT OF MOTOR VEHICLE WITHOUT SEATBELT RESTRAINT,WATKINS MILL RD/TRAVIS AVE,39.1621716666667,-77.214045,No,No,No,No,No,No,No,No,No,No,XX,29 - Unknown,,NONE,NONE,N/A,Citation,22-412.3(c2),Transportation Article,No,BLACK,F,GAITHERSBURG,MD,MN,A - Marked Patrol,"(39.1621716666667, -77.214045)"
09/29/2013,21:43:00,MCP,"1st district, Rockville",FAILURE OF VEH. DRIVER TO STOP AFTER UNATTENDED VEH DAMAGE ACCIDENT,11717 TRAILRIDGE DR,39.1131833333333,-77.235485,No,No,No,No,No,No,No,No,No,No,MD,02 - Automobile,2011,AUDI,S5,BLACK,Citation,20-105(a),Transportation Article,No,ASIAN,M,POTOMAC,MD,MD,A - Marked Patrol,"(39.1131833333333, -77.235485)"
08/28/2017,23:14:00,MCP,"4th district, Wheaton",PERSON DRIVING MOTOR VEHICLE ON HIGHWAY OR PUBLIC USE PROPERTY ON SUSPENDED LICENSE AND PRIVILEGE,NEW HAMPSHIRE AVE @ CANNON RD,39.0699366666667,-77.0030916666667,No,No,No,No,No,No,No,No,No,No,MD,02 - Automobile,2006,MERCEDEZ,SUV,BLACK,Citation,16-303(c),Transportation Article,No,BLACK,M,SILVER SPRING,MD,MD,A - Marked Patrol,"(39.0699366666667, -77.0030916666667)"
09/19/2013,14:12:00,MCP,"3rd district, Silver Spring",DRIVER FAILURE TO YIELD RIGHT-OF-WAY AT INTERSECTION YIELD SIGN,COLESVILLE RD @ 16TH ST,38.9925,-77.0365133333333,No,No,No,No,No,No,No,No,No,No,MD,02 - Automobile,2008,BUICK,ENCLAVE,WHITE,Citation,21-403(d),Transportation Article,Yes,BLACK,M,BALTIMORE,MD,MD,A - Marked Patrol,"(38.9925, -77.0365133333333)"
08/28/2017,23:14:00,MCP,"4th district, Wheaton","PERSON DRIVING MOTOR VEHICLE WHILE LICENSE SUSPENDED UNDER TR 17-106, 26-204, 26-206, 27-103",NEW HAMPSHIRE AVE @ CANNON RD,39.0699366666667,-77.0030916666667,No,No,No,No,No,No,No,No,No,No,MD,02 - Automobile,2006,MERCEDEZ,SUV,BLACK,Citation,16-303(h),Transportation Article,No,BLACK,M,SILVER SPRING,MD,MD,A - Marked Patrol,"(39.0699366666667, -77.0030916666667)"
08/28/2017,23:14:00,MCP,"4th district, Wheaton",POSSESSING SUSPENDED LIC.,NEW HAMPSHIRE AVE @ CANNON RD,39.0699366666667,-77.0030916666667,No,No,No,No,No,No,No,No,No,No,MD,02 - Automobile,2006,MERCEDEZ,SUV,BLACK,Citation,16-301(j),Transportation Article,No,BLACK,M,SILVER SPRING,MD,MD,A - Marked Patrol,"(39.0699366666667, -77.0030916666667)"
01/30/2013,20:51:00,MCP,"6th district, Gaithersburg / Montgomery Village",DRIVING MOTOR VEHICLE ON HIGHWAY WITHOUT REQUIRED LICENSE AND AUTHORIZATION,WATKINS MILL RD / STEDWICK RD,,,No,No,No,No,No,No,No,No,No,No,MD,02 - Automobile,2000,CHEV,MALIBU,WHITE,Citation,16-101(a),Transportation Article,No,HISPANIC,M,RIVERDALE,MD,MD,A - Marked Patrol,
01/08/2013,16:33:00,MCP,"6th district, Gaithersburg / Montgomery Village",DRIVING MOTOR VEHICLE ON HIGHWAY WITHOUT REQUIRED LICENSE AND AUTHORIZATION,AIRPARK @ STRATOS,38.9964879833333,-77.1093180333333,No,No,Yes,No,No,No,No,No,No,No,MD,01 - Motorcycle,2012,KAWASAKI,NINJA,GREEN,Citation,16-101(a),Transportation Article,No,WHITE,F,GAITHERSBURG,MD,MD,A - Marked Patrol,"(38.9964879833333, -77.1093180333333)"
11/30/2013,22:55:00,MCP,"5th district, Germantown",FAILURE TO DISPLAY REGISTRATION CARD UPON DEMAND BY POLICE OFFICER,118 @ DAWSON FARM RD,39.1718183333333,-77.2777933333333,No,No,No,No,No,No,No,No,No,No,MD,02 - Automobile,2013,ACURA,SUV,BLACK,Citation,13-409(b),Transportation Article,No,ASIAN,M,GERMANTOWN,MD,MD,A - Marked Patrol,"(39.1718183333333, -77.2777933333333)"
06/26/2013,20:15:00,MCP,"3rd district, Silver Spring",FAILURE TO CONTROL VEHICLE SPEED ON HIGHWAY TO AVOID COLLISION,10206 NEW HAMPSHIRE AVE,39.0222590833333,-76.9782608,No,No,No,Yes,No,No,No,No,No,No,MD,02 - Automobile,2000,HONDA,ACCORD,RED,Citation,21-801(b),Transportation Article,No,BLACK,M,SILVER SPRING,MD,XX,A - Marked Patrol,"(39.0222590833333, -76.9782608)"
05/27/2013,14:13:00,MCP,"6th district, Gaithersburg / Montgomery Village",EXCEEDING MAXIMUM SPEED: 80 MPH IN A POSTED 55 MPH ZONE,NB 270 / MUDDY BRANCH RD,39.0984526333333,-77.2045743,No,No,No,No,No,No,No,No,No,No,MD,08 - Recreational Vehicle,2012,JEEP,4X4,GRAY,Citation,21-801.1,Transportation Article,Yes,WHITE,F,NEW MARKET,MD,MD,A - Marked Patrol,"(39.0984526333333, -77.2045743)"
05/25/2012,10:39:00,MCP,"3rd district, Silver Spring",DRIVER FAILURE TO STOP AT STOP SIGN LINE,SB BROADBIRCH DR/ PLUM ORCHARD DR,39.0559105666667,-76.9579645166667,No,No,No,No,No,No,No,No,No,No,MD,02 - Automobile,2008,FORD,F150,"BLUE, DARK",Citation,21-707(a),Transportation Article,No,WHITE,M,GLEN ARM,MD,MD,A - Marked Patrol,"(39.0559105666667, -76.9579645166667)"
12/06/2012,13:07:00,MCP,"4th district, Wheaton",FAILURE OF LICENSEE TO NOTIFY ADMINISTRATION OF CHANGE OF ADDRESS WITHIN 30 DAYS,"E/B RT 108 AT PRINCE PHILLIP DRIVE, OLNE",39.1492181833333,-77.0565918166667,No,No,No,No,No,No,No,No,No,No,MD,02 - Automobile,2008,TOYT,RAV 4,GREEN,Citation,16-116(a),Transportation Article,No,ASIAN,M,AMHERST,NY,NY,A - Marked Patrol,"(39.1492181833333, -77.0565918166667)"
11/15/2012,09:50:00,MCP,"6th district, Gaithersburg / Montgomery Village",DRIVING VEHICLE ON HIGHWAY WITHOUT CURRENT REGISTRATION PLATES AND VALIDATION TABS,SHADY FROVE RD & CRABBS BRANCH WAY,39.12860635,-77.1691451833333,No,No,No,No,No,No,No,No,No,No,MD,02 - Automobile,2004,MITSUBISHI,GALLANT,WHITE,Citation,13-411(d),Transportation Article,No,WHITE,M,GERMANTOWN,MD,MD,A - Marked Patrol,"(39.12860635, -77.1691451833333)"
08/28/2017,23:14:00,MCP,"4th district, Wheaton",DISPLAY SUSPENDED LIC.,NEW HAMPSHIRE AVE @ CANNON RD,39.0699366666667,-77.0030916666667,No,No,No,No,No,No,No,No,No,No,MD,02 - Automobile,2006,MERCEDEZ,SUV,BLACK,Citation,16-301(e),Transportation Article,No,BLACK,M,SILVER SPRING,MD,MD,A - Marked Patrol,"(39.0699366666667, -77.0030916666667)"
08/29/2017,05:21:00,MCP,"4th district, Wheaton",FAILURE VEH. TO YIELD INTERSECTION RIGHT-OF-WAY TO ANOTHER VEH.,NEW HAMPSHIRE AVE @ EDNOR RD,39.1356816666667,-76.9948783333333,No,No,No,No,No,No,No,No,No,No,MD,02 - Automobile,2001,FORD,EXPLORER,BLACK,Citation,21-401,Transportation Article,No,HISPANIC,M,ROCKVILLE,MD,MD,A - Marked Patrol,"(39.1356816666667, -76.9948783333333)"
08/28/2017,23:13:00,MCP,"6th district, Gaithersburg / Montgomery Village",EXCEEDING POSTED MAXIMUM SPEED LIMIT: 39 MPH IN A POSTED 30 MPH ZONE,LOST KNIFE RD. @ LOST KNIFE CIR,39.1578533333333,-77.204095,No,No,No,No,No,No,No,No,No,No,MD,02 - Automobile,2003,FORD,EXCURSION,BLUE,Citation,21-801.1,Transportation Article,No,HISPANIC,F,GERMANTOWN,MD,MD,A - Marked Patrol,"(39.1578533333333, -77.204095)"
08/28/2017,22:56:00,MCP,"4th district, Wheaton",DRIVER FAILURE TO OBEY PROPERLY PLACED TRAFFIC CONTROL DEVICE INSTRUCTIONS,GEORGIA AVE/PLYERS MILL RD,39.0300616666667,-77.0481266666667,No,No,No,No,No,No,No,No,No,No,MD,02 - Automobile,2002,HONDA,CIVIC,BLACK,Citation,21-201(a1),Transportation Article,No,WHITE,F,ROCKVILLE,MD,MD,A - Marked Patrol,"(39.0300616666667, -77.0481266666667)"
10/01/2013,06:51:00,MCP,"4th district, Wheaton",FAILURE TO CONTROL VEH. SPEED ON HWY. TO AVOID COLLISION,GEORGIA AVE/HEWITT AVE,,,No,No,Yes,No,No,No,No,No,No,No,XX,19 - Moped,2012,SUNNY,NINGBO,RED,Citation,21-801(b),Transportation Article,No,HISPANIC,M,SILVER SPRING,MD,XX,A - Marked Patrol,
08/29/2017,00:27:00,MCP,"3rd district, Silver Spring",DRIVING VEHICLE WHILE UNDER THE INFLUENCE OF ALCOHOL,NB COLUMBIA PIKE / BRIGGS CHANEY RD,39.0827745274131,-76.9484031200409,No,No,No,No,No,No,No,No,No,No,MD,02 - Automobile,2000,FORD,EXPEDITION,TAN,Citation,21-902(a1),Transportation Article,No,BLACK,F,ASPEN HILL,MD,MD,A - Marked Patrol,"(39.0827745274131, -76.9484031200409)"
08/29/2017,00:27:00,MCP,"3rd district, Silver Spring",DRIVING WHILE IMPAIRED BY ALCOHOL,NB COLUMBIA PIKE / BRIGGS CHANEY RD,39.0827745274131,-76.9484031200409,No,No,No,No,No,No,No,No,No,No,MD,02 - Automobile,2000,FORD,EXPEDITION,TAN,Citation,21-902(b1),Transportation Article,No,BLACK,F,ASPEN HILL,MD,MD,A - Marked Patrol,"(39.0827745274131, -76.9484031200409)"
02/24/2015,08:22:00,MCP,"3rd district, Silver Spring",UNSAFE BACKING OF MOTOR VEH.,10009 RENFREW ROAD,39.0197683333333,-77.0240283333333,No,No,No,No,No,No,No,No,No,No,MD,05 - Light Duty Truck,2007,LINCOLN,MARK LT,CREAM,Citation,21-1102(a),Transportation Article,No,WHITE,M,SILVER SPRING,MD,MD,A - Marked Patrol,"(39.0197683333333, -77.0240283333333)"
05/02/2014,22:43:00,MCP,Headquarters and Special Operations,FAILURE TO DISPLAY TWO LIGHTED FRONT LAMPS WHEN REQUIRED,FLOWER AVE @ DOMER AVE,38.9966666666667,-77.0031683333333,No,No,No,No,No,No,No,No,No,No,MD,02 - Automobile,1996,HOND,CIVIC,WHITE,Citation,22-226(a),Transportation Article,No,HISPANIC,M,HYATTSVILLE,MD,MD,B - Unmarked Patrol,"(38.9966666666667, -77.0031683333333)"
04/22/2013,17:03:00,MCP,"6th district, Gaithersburg / Montgomery Village",DRIVING MOTOR VEHICLE ON HIGHWAY WITHOUT REQUIRED LICENSE AND AUTHORIZATION,MONTGOMERY VILLAGE @ WALKERS CHOICE,39.1655479666667,-77.20489015,No,No,No,No,No,No,No,No,No,No,MD,02 - Automobile,2001,TOYOTA,RAV 4,BLUE,Citation,16-101(a),Transportation Article,No,BLACK,F,MONTGOMERY VILLAGE,MD,MD,A - Marked Patrol,"(39.1655479666667, -77.20489015)"
02/09/2013,11:59:00,MCP,"4th district, Wheaton",DRIVER FAILURE TO OBEY PROPERLY PLACED TRAFFIC CONTROL DEVICE INSTRUCTIONS,REEDIE DR/FERN STREET,39.0395935166667,-77.0485697166667,No,No,No,No,No,No,No,No,No,No,MD,02 - Automobile,1997,FORD,EXPLORER,RED,Citation,21-201(a1),Transportation Article,No,HISPANIC,F,SILVER SPRING,MD,MD,A - Marked Patrol,"(39.0395935166667, -77.0485697166667)"
11/08/2013,22:44:00,MCP,"6th district, Gaithersburg / Montgomery Village",PERSON DRIVING MOTOR VEHICLE ON HIGHWAY OR PUBLIC USE PROPERTY ON SUSPENDED LICENSE AND PRIVILEGE,WISTERIA/118,,,No,No,No,No,No,No,No,No,No,No,MD,02 - Automobile,2001,CHRY,SEBRING,SILVER,Citation,16-303(c),Transportation Article,No,BLACK,F,GAITHERSBURG,MD,MD,M - Marked (Off-Duty),
06/25/2013,20:24:00,MCP,"6th district, Gaithersburg / Montgomery Village",WILLFULLY DISOBEYING LAWFUL ORDER AND DIRECTION OF POLICE OFFICER,MONTGOMERY VILLAGE AVE @ CLUB HOUSE RD,,,No,No,No,No,No,No,No,No,No,No,MD,02 - Automobile,2002,INFI,G35,SILVER,Citation,21-103(a),Transportation Article,No,HISPANIC,F,GAITHERSBURG,MD,MD,A - Marked Patrol,
05/24/2012,00:12:00,MCP,"1st district, Rockville",DRIVING WHILE IMPAIRED BY ALCOHOL,OLD GEORGETOWN RD / HUNTINGTON PKWY,38.9933613166667,-77.1084641666667,No,No,No,No,No,No,No,No,No,No,MD,02 - Automobile,2000,SUBARU,OUTBACK,WHITE,Citation,21-902(b1),Transportation Article,No,WHITE,M,BETHESDA,MD,MD,Q - Marked Laser,"(38.9933613166667, -77.1084641666667)"
09/15/2012,21:56:00,MCP,"5th district, Germantown","DRIVING, MOTOR VEHICLE ON HIGHWAY WITHOUT REQUIRED LICENSE AND AUTHORIZATION",FREDERICK RD @ GERMANTOWN ROAD,39.1937976833333,-77.2433588333333,No,No,No,No,No,No,No,No,No,No,MD,02 - Automobile,1998,TOYOTA,CAMRY,WHITE,Citation,16-101(a),Transportation Article,No,BLACK,M,GERMANTOWN,MD,MD,A - Marked Patrol,"(39.1937976833333, -77.2433588333333)"
08/29/2017,00:27:00,MCP,"3rd district, Silver Spring",DRIVING WRONG WAY--ONE WAY STREET,NB COLUMBIA PIKE / BRIGGS CHANEY RD,39.0827745274131,-76.9484031200409,No,No,No,No,No,No,No,No,No,No,MD,02 - Automobile,2000,FORD,EXPEDITION,TAN,Citation,21-308(a),Transportation Article,No,BLACK,F,ASPEN HILL,MD,MD,A - Marked Patrol,"(39.0827745274131, -76.9484031200409)"
08/29/2017,00:27:00,MCP,"3rd district, Silver Spring",DRIVING OFF ROADWAY WHILE PASSING VEHICLE,NB COLUMBIA PIKE / BRIGGS CHANEY RD,39.0827745274131,-76.9484031200409,No,No,No,No,No,No,No,No,No,No,MD,02 - Automobile,2000,FORD,EXPEDITION,TAN,Citation,21-304(c),Transportation Article,No,BLACK,F,ASPEN HILL,MD,MD,A - Marked Patrol,"(39.0827745274131, -76.9484031200409)"
08/29/2017,00:27:00,MCP,"3rd district, Silver Spring","NEGLIGENT DRIVING VEHICLE IN CARELESS AND IMPRUDENT MANNER ENDANGERING PROPERTY, LIFE AND PERSON",NB COLUMBIA PIKE / BRIGGS CHANEY RD,39.0827745274131,-76.9484031200409,No,No,No,No,No,No,No,No,No,No,MD,02 - Automobile,2000,FORD,EXPEDITION,TAN,Citation,21-901.1(b),Transportation Article,No,BLACK,F,ASPEN HILL,MD,MD,A - Marked Patrol,"(39.0827745274131, -76.9484031200409)"
10/20/2015,11:00:00,MCP,"5th district, Germantown","PERSON DRIVING MOTOR VEHICLE WHILE LICENSE SUSPENDED UNDER TR 17-106,",RIDGE ROAD AND KINGS VALLEY,39.2539316666667,-77.2276,No,No,No,No,No,No,No,No,No,No,MD,02 - Automobile,2005,GMC,YUKON,BLACK,Citation,16-303(h),Transportation Article,No,WHITE,M,DAMASCUS,MD,MD,A - Marked Patrol,"(39.2539316666667, -77.2276)"
10/04/2014,12:17:00,MCP,"1st district, Rockville","PERSON DRIVING MOTOR VEHICLE WHILE LICENSE SUSPENDED UNDER 17-106, 26-204, 26-206, 27-103",DARNESTOWN RD @ SHADY GROVE RD,39.0919066666667,-77.1977266666667,No,No,No,No,No,No,No,No,No,No,VA,02 - Automobile,1999,HONDA,CIVIC,GREEN,Citation,16-303(h),Transportation Article,No,WHITE,M,NORTH POTOMAC,MD,MD,A - Marked Patrol,"(39.0919066666667, -77.1977266666667)"
09/18/2015,20:54:00,MCP,"6th district, Gaithersburg / Montgomery Village",DRIVER OF MOTOR VEHICLE FOLLOWING VEHICLE CLOSER THAN REASONABLE AND PRUDENT,MUDDY BRANCH RD AT THE 270 OVERPASS,39.1338966666667,-77.203865,No,No,No,No,No,No,No,No,No,No,MD,02 - Automobile,2012,TOYOTA,CAMRY,PURPLE,Citation,21-310(a),Transportation Article,No,NATIVE AMERICAN,F,GAITHERSBURG,MD,MD,A - Marked Patrol,"(39.1338966666667, -77.203865)"
04/22/2013,08:40:00,MCP,"4th district, Wheaton",DRIVER FAILURE TO OBEY DESIGNATED LANE DIRECTIONS,RTE 108 AND DR. BIRD RD,39.1336355833333,-77.0308533833333,No,No,No,No,No,No,No,No,No,No,MD,02 - Automobile,2003,LEXUS,GS300,BLACK,Citation,21-309(d),Transportation Article,No,WHITE,M,OLNEY,MD,MD,A - Marked Patrol,"(39.1336355833333, -77.0308533833333)"
12/16/2013,22:26:00,MCP,"2nd district, Bethesda",PERSON DRIVING MOTOR VEHICLE ON HIGHWAY OR PUBLIC USE PROPERTY ON SUSPENDED LICENSE AND PRIVILEGE,WISCONSIN AVE AND CHASE AVE,38.98998,-77.0949166666667,No,No,No,No,No,No,No,No,No,No,MD,02 - Automobile,2011,MAZDA,2,SILVER,Citation,16-303(c),Transportation Article,No,BLACK,M,TEMPLE HILLS,MD,MD,A - Marked Patrol,"(38.98998, -77.0949166666667)"
06/29/2013,19:38:00,MCP,"5th district, Germantown",FAILURE TO ATTACH VEHICLE REGISTRATION PLATES AT FRONT AND REAR,ENTRANCE RAMP S270 AT DEMOCRACY BLVD,39.0198933333333,-77.144555,No,No,No,No,No,No,No,No,No,No,MD,02 - Automobile,2007,BMW,4S,TAN,Citation,13-411(a),Transportation Article,No,OTHER,M,BETHESDA,MD,MD,A - Marked Patrol,"(39.0198933333333, -77.144555)"
04/25/2013,14:35:00,MCP,"1st district, Rockville",FAILURE OF LICENSEE TO NOTIFY ADMINISTRATION OF CHANGE OF ADDRESS WITHIN 30 DAYS,9300 BLK OLD GEORGETOWN RD,39.0081,-77.1127783333333,No,No,No,No,No,No,No,No,No,No,MD,28 - Other,2013,HYUNDA,TUCSON,RED,Citation,16-116(a),Transportation Article,No,WHITE,M,BETHESDA,MD,CA,A - Marked Patrol,"(39.0081, -77.1127783333333)"
05/04/2013,09:26:00,MCP,"6th district, Gaithersburg / Montgomery Village",DRIVING VEHICLE IN EXCESS OF REASONABLE AND PRUDENT SPEED ON HIGHWAY,MUNCASTER MILL ROAD / LAYTONIA DRIVE,39.1537189166667,-77.1537621,No,No,No,Yes,No,No,No,No,No,No,MD,02 - Automobile,1997,HOND,4S,BEIGE,Citation,21-801(a),Transportation Article,Yes,WHITE,M,SILVER SPRING,MD,MD,A - Marked Patrol,"(39.1537189166667, -77.1537621)"
05/26/2012,12:58:00,MCP,"2nd district, Bethesda",OPERATOR NOT RESTRAINED BY SEATBELT,ROCKVILLE PIKE / MARINELLI RD,39.0468988333333,-77.1128734833333,No,No,No,No,No,No,No,No,No,No,MD,02 - Automobile,1999,NISS,4S,TAN,Citation,22-412.3(b),Transportation Article,No,OTHER,M,SILVER SPRING,MD,MD,A - Marked Patrol,"(39.0468988333333, -77.1128734833333)"
12/09/2012,02:19:00,MCP,"1st district, Rockville",DRIVING VEHICLE IN VIOLATION OF RESTRICTED LICENSE REQUIREMENT,R355/MONTROSE RD,39.05078645,-77.1153751,No,No,No,No,No,No,No,No,No,No,MD,02 - Automobile,2005,WV,JETTA,GRAY,Citation,16-113(h),Transportation Article,No,WHITE,M,DARNESTOWN,MD,MD,A - Marked Patrol,"(39.05078645, -77.1153751)"
07/26/2012,09:24:00,MCP,"4th district, Wheaton",EXCEEDING MAXIMUM SPEED: 44 MPH IN A POSTED 35 MPH ZONE,CASHELL / MUSIC GROVE,39.1303875333333,-77.0825689166667,No,Yes,No,No,No,No,No,No,No,No,MD,02 - Automobile,1999,HONDA,2S,BLACK,Citation,21-801.1,Transportation Article,No,OTHER,M,OLNEY,MD,MD,Q - Marked Laser,"(39.1303875333333, -77.0825689166667)"
09/06/2012,10:43:00,MCP,"1st district, Rockville",DRIVING VEHICLE ON HIGHWAY WITH SUSPENDED REGISTRATION,ROCKVILLE PIKE AT ROLLINS AVENUE,39.05762695,-77.1214522666667,No,No,No,No,No,No,No,No,No,No,MD,08 - Recreational Vehicle,1998,FORD,EXPEDITION,BLACK,Citation,13-401(h),Transportation Article,No,HISPANIC,M,BALTIMORE,MD,MD,A - Marked Patrol,"(39.05762695, -77.1214522666667)"
09/13/2014,14:04:00,MCP,"2nd district, Bethesda",UNAUTHORIZED DISPLAY AND USE OF REGISTRATION PLATE,WESTBARD AVENUE @ MASSACHUSETTS AVENUE,38.95847,-77.1094866666667,No,Yes,No,Yes,No,No,No,No,No,No,VA,02 - Automobile,1998,CHEVROLET,CAVALIER,GOLD,Citation,13-703(g),Transportation Article,No,BLACK,M,TAKOMA PARK,MD,MD,A - Marked Patrol,"(38.95847, -77.1094866666667)"
07/27/2014,18:07:00,MCP,"3rd district, Silver Spring",DRIVING VEHICLE ON HIGHWAY WITH SUSPENDED REGISTRATION,326 SOUTHAMPTON DR,39.00545,-76.981935,No,No,No,No,No,No,No,No,No,No,MD,02 - Automobile,1996,HONDA,CIV,SILVER,Citation,13-401(h),Transportation Article,No,HISPANIC,M,SILVER SPRING,MD,XX,A - Marked Patrol,"(39.00545, -76.981935)"
08/28/2017,23:24:00,MCP,"2nd district, Bethesda",PERSON DRIVING MOTOR VEHICLE ON HIGHWAY OR PUBLIC USE PROPERTY ON SUSPENDED LICENSE AND PRIVILEGE,CONNECTICUT AVE/ROSEMARY ST,38.9782483333333,-77.07727,No,No,No,No,No,Yes,No,No,No,No,MD,02 - Automobile,2011,NISS,4S,BLACK,Citation,16-303(c),Transportation Article,No,BLACK,M,ACCOKEEK,MD,MD,A - Marked Patrol,"(38.9782483333333, -77.07727)"
08/28/2017,23:24:00,MCP,"2nd district, Bethesda","PERSON DRIVING MOTOR VEHICLE WHILE LICENSE SUSPENDED UNDER TR 17-106, 26-204, 26-206, 27-103",CONNECTICUT AVE/ROSEMARY ST,38.9782483333333,-77.07727,No,No,No,No,No,Yes,No,No,No,No,MD,02 - Automobile,2011,NISS,4S,BLACK,Citation,16-303(h),Transportation Article,No,BLACK,M,ACCOKEEK,MD,MD,A - Marked Patrol,"(38.9782483333333, -77.07727)"
08/28/2017,23:24:00,MCP,"2nd district, Bethesda",DRIVING MOTOR VEHICLE ON HIGHWAY WITHOUT REQUIRED LICENSE AND AUTHORIZATION,CONNECTICUT AVE/ROSEMARY ST,38.9782483333333,-77.07727,No,No,No,No,No,Yes,No,No,No,No,MD,02 - Automobile,2011,NISS,4S,BLACK,Citation,16-101(a),Transportation Article,No,BLACK,M,ACCOKEEK,MD,MD,A - Marked Patrol,"(38.9782483333333, -77.07727)"
09/12/2013,09:44:00,MCP,"2nd district, Bethesda",OPERATING UNREGISTERED MOTOR VEHICLE ON HIGHWAY,N/B ROCKVILLE PIKE @ MARINELLI RD,39.0551775666667,-77.1170414833333,No,No,No,No,No,No,No,No,No,No,VA,02 - Automobile,1994,DODGE,PICK UP,BLACK,Citation,13-401(b),Transportation Article,No,ASIAN,M,ROCKVILLE,MD,MD,A - Marked Patrol,"(39.0551775666667, -77.1170414833333)"
08/06/2013,18:04:00,MCP,"4th district, Wheaton",DRIVER USING HANDS TO USE HANDHELD TELEPHONE WHILEMOTOR VEHICLE IS IN MOTION,108/OLD BALTIMORE RD,39.14670495,-77.0513033666667,No,No,No,No,No,No,No,No,No,No,MD,02 - Automobile,2002,HOND,ACCORD 4S,SILVER,Citation,21-1124.2(d2),Transportation Article,No,BLACK,M,SANDY SPRING,MD,MD,A - Marked Patrol,"(39.14670495, -77.0513033666667)"
07/13/2013,10:40:00,MCP,"3rd district, Silver Spring",EXCEEDING MAXIMUM SPEED: 92 MPH IN A POSTED 55 MPH ZONE,29 SOUTH/ BLACKBURN,,,No,No,No,No,No,No,No,No,No,No,MD,02 - Automobile,2007,PONT,4S,BLACK,Citation,21-801.1,Transportation Article,No,HISPANIC,F,BOWIE,MD,MD,Q - Marked Laser,
09/07/2014,09:10:00,MCP,"6th district, Gaithersburg / Montgomery Village",DRIVING TO DRIVE MOTOR VEHICLE ON HIGHWAY WITHOUT REQUIRED LICENSE AND AUTHORIZATION,355/PROFFESSIONAL,,,No,No,No,No,No,No,No,No,No,No,MD,02 - Automobile,2013,AUDI,4S,BLACK,Citation,16-101(a),Transportation Article,No,BLACK,M,BEAUFORT,SC,SC,A - Marked Patrol,
10/10/2013,18:34:00,MCP,"3rd district, Silver Spring",FAILURE TO CONTROL VEHICLE SPEED ON HIGHWAY TO AVOID COLLISION,SB COLUMBIA PIKE AT GREENCASTLE ROAD,39.096875,-76.9375183333333,No,No,No,No,No,No,No,No,No,No,MD,02 - Automobile,2009,TOYOT,PRIUS,BLACK,Citation,21-801(b),Transportation Article,Yes,WHITE,M,ELKRIDGE,MD,MD,A - Marked Patrol,"(39.096875, -76.9375183333333)"
01/23/2015,02:12:00,MCP,"3rd district, Silver Spring",DRIVER OF MOTOR VEHICLE FOLLOWING VEHICLE CLOSER THAN REASONABLE AND PRUDENT,NB 270 / SHADY GORVE RD,39.1845433333333,-77.2628466666667,No,No,No,No,No,No,No,No,No,No,DC,02 - Automobile,2013,CHRYSLER,200,WHITE,Citation,21-310(a),Transportation Article,No,BLACK,M,WASHINGTON,DC,DC,A - Marked Patrol,"(39.1845433333333, -77.2628466666667)"
02/28/2013,16:26:00,MCP,"2nd district, Bethesda",DRIVER FAILURE TO STOP AT STEADY CIRCULAR RED SIGNAL,DEMOCRACY BLVD @ I270,39.0215724666667,-77.144043,No,No,No,No,No,No,No,No,No,No,MD,02 - Automobile,2004,HONDA,PILOT,GRAY,Citation,21-202(h1),Transportation Article,No,HISPANIC,F,SILVER SPRING,MD,MD,A - Marked Patrol,"(39.0215724666667, -77.144043)"
04/21/2013,05:25:00,MCP,"4th district, Wheaton",STANDING VEH. W/I 30 FT OF  YIELD SIGN TRAFFIC CONTROL SIGNAL),GEORGIA AVE AND DENNIS,39.05838985,-77.0479946,No,No,No,No,No,No,No,No,No,No,MD,02 - Automobile,1996,FORD,EXPLORER,GREEN,Citation,21-1003(o),Transportation Article,No,WHITE,F,HYATTSVILL,MD,MD,B - Unmarked Patrol,"(39.05838985, -77.0479946)"
05/28/2013,00:13:00,MCP,"3rd district, Silver Spring",FAILURE OF INDIVIDUAL DRIVING ON HIGHWAY TO DISPLAY LICENSE TO UNIFORMED POLICE ON DEMAND,PINEY BRANCH RD/CARROLL AVE,,,No,No,No,No,No,No,No,No,No,No,MD,02 - Automobile,2000,TOYOTA,COROLLA,TAN,Citation,16-112(c),Transportation Article,No,HISPANIC,M,SILVER SPRING,MD,MD,A - Marked Patrol,
11/02/2012,10:34:00,MCP,"4th district, Wheaton",UNAUTHORIZED DISPLAY AND USE OF REGISTRATION PLATE,GEORGIA AVE/ HEATHFIELD,39.087488,-77.0802112166667,No,No,No,No,No,No,No,No,No,No,MD,02 - Automobile,1996,OLDS,4S,WHITE,Citation,13-703(g),Transportation Article,No,WHITE,M,ROCKVILLE,MD,MD,A - Marked Patrol,"(39.087488, -77.0802112166667)"
09/03/2012,00:45:00,MCP,"4th district, Wheaton",IMPROPER USE OF VEH. FOG LAMP,LAYHILL RD & BRIGGS RD,,,No,No,No,No,No,No,No,No,No,No,MD,05 - Light Duty Truck,2001,FORD,TK EXPLPORER,WHITE,Citation,22-217(b),Transportation Article,No,HISPANIC,M,WHEATON,MD,MD,A - Marked Patrol,
08/28/2017,23:24:00,MCP,"2nd district, Bethesda",DISPLAY SUSPENDED LIC.,CONNECTICUT AVE/ROSEMARY ST,38.9782483333333,-77.07727,No,No,No,No,No,Yes,No,No,No,No,MD,02 - Automobile,2011,NISS,4S,BLACK,Citation,16-301(e),Transportation Article,No,BLACK,M,ACCOKEEK,MD,MD,A - Marked Patrol,"(38.9782483333333, -77.07727)"
08/28/2017,22:53:00,MCP,"6th district, Gaithersburg / Montgomery Village",EXCEEDING POSTED MAXIMUM SPEED LIMIT: 45 MPH IN A POSTED 35 MPH ZONE,WOODFIELD RD / EMORY GROVE RD,39.1529283333333,-77.1713166666667,No,No,No,No,No,No,No,No,No,No,MD,02 - Automobile,2017,SUBARU,STI,SILVER,Citation,21-801.1,Transportation Article,No,HISPANIC,M,GAITHERSBURG,MD,MD,Q - Marked Laser,"(39.1529283333333, -77.1713166666667)"
07/24/2013,10:35:00,MCP,"1st district, Rockville",KNOWINGLY DRIVING UNINSURED VEHICLE,MD355/TWINBROOK PWY,,,No,No,No,No,No,No,No,No,No,No,XX,02 - Automobile,1999,LEXUS,ES300,WHITE,Citation,17-107,Transportation Article,No,HISPANIC,M,GERMANTOWN,MD,MD,A - Marked Patrol,
11/21/2015,10:53:00,MCP,"3rd district, Silver Spring",DRIVER USING HANDS TO USE HANDHELD TELEPHONE WHILEMOTOR VEHICLE IS IN MOTION,SLIGO CREEK PKWY/ WAYNE AVE,38.9975083333333,-77.00953,No,No,No,No,No,No,No,No,No,No,MD,02 - Automobile,2002,TOYT,COROLLA,RED,Citation,21-1124.2(d2),Transportation Article,No,HISPANIC,F,SILVER SPRING,MD,MD,A - Marked Patrol,"(38.9975083333333, -77.00953)"
08/28/2017,22:53:00,MCP,"6th district, Gaithersburg / Montgomery Village",FAILURE OF INDIVIDUAL DRIVING ON HIGHWAY TO DISPLAY LICENSE TO UNIFORMED POLICE ON DEMAND,WOODFIELD RD / EMORY GROVE RD,39.1529283333333,-77.1713166666667,No,No,No,No,No,No,No,No,No,No,MD,02 - Automobile,2017,SUBARU,STI,SILVER,Citation,16-112(c),Transportation Article,No,HISPANIC,M,GAITHERSBURG,MD,MD,Q - Marked Laser,"(39.1529283333333, -77.1713166666667)"
07/31/2013,13:42:00,MCP,Headquarters and Special Operations,EXCEEDING MAXIMUM SPEED: 64 MPH IN A POSTED 55 MPH ZONE,SB I270 @ MUDDY BRANCH RD,39.12608455,-77.2016991166667,No,No,No,No,No,No,No,No,No,No,MD,02 - Automobile,2008,NISSAN,SENTRA,BLACK,Citation,21-801.1,Transportation Article,No,WHITE,F,WALKERSVILLE,MD,MD,A - Marked Patrol,"(39.12608455, -77.2016991166667)"
08/29/2017,01:44:00,MCP,"1st district, Rockville",DRIVING VEHICLE WHILE UNDER THE INFLUENCE OF ALCOHOL,SEVEN LOCKS RD/CADBURY AVE,39.0839483333333,-77.1534983333333,No,No,No,No,No,No,No,No,No,No,MD,02 - Automobile,2016,TOYT,TK,WHITE,Citation,21-902(a1),Transportation Article,No,WHITE,M,COLOMBIA,MD,MD,A - Marked Patrol,"(39.0839483333333, -77.1534983333333)"
08/29/2017,01:44:00,MCP,"1st district, Rockville",DRIVING UNDER THE INFLUENCE OF ALCOHOL PER SE,SEVEN LOCKS RD/CADBURY AVE,39.0839483333333,-77.1534983333333,No,No,No,No,No,No,No,No,No,No,MD,02 - Automobile,2016,TOYT,TK,WHITE,Citation,21-902(a2),Transportation Article,No,WHITE,M,COLOMBIA,MD,MD,A - Marked Patrol,"(39.0839483333333, -77.1534983333333)"
